"id","parent_left","parent_right","create_uid","create_date","write_date","write_uid","name","sequence","parent_id","type"
"3","1","2","1","2014-03-17 05:11:42.718787","2014-03-17 05:11:42.718787","1","PAP","\N","1","normal"
"4","1","2","1","2014-03-17 05:11:42.718787","2014-03-17 05:11:42.718787","1","PAR","\N","1","normal"
"5","1","2","1","2014-03-17 05:11:42.718787","2014-03-17 05:11:42.718787","1","CONS","\N","1","normal"
"6","1","2","1","2014-03-17 05:11:42.718787","2014-03-17 05:11:42.718787","1","CONT","\N","1","normal"
"7","1","2","1","2014-03-17 05:11:42.718787","2014-03-17 05:11:42.718787","1","LIB","\N","1","normal"
"8","1","2","1","2014-03-17 05:11:42.718787","2014-03-17 05:11:42.718787","1","SIR","\N","1","normal"
"9","1","2","1","2014-03-17 05:11:42.718787","2014-03-17 05:11:42.718787","1","ENCL","\N","1","normal"
"10","1","2","1","2014-03-17 05:11:42.718787","2014-03-17 05:11:42.718787","1","BOQ","\N","1","normal"
"11","1","2","1","2014-03-17 05:11:42.718787","2014-03-17 05:11:42.718787","1","MIC","\N","1","normal"
"12","1","2","1","2014-03-17 05:11:42.718787","2014-03-17 05:11:42.718787","1","FILP","\N","1","normal"
"13","1","2","1","2014-03-17 05:11:42.718787","2014-03-17 05:11:42.718787","1","MICS","\N","1","normal"
"14","1","2","1","2014-03-17 05:11:42.718787","2014-03-17 05:11:42.718787","1","MICR","\N","1","normal"
"15","1","2","1","2014-03-17 05:11:42.718787","2014-03-17 05:11:42.718787","1","AGA","\N","1","normal"
"16","1","2","1","2014-03-17 05:11:42.718787","2014-03-17 05:11:42.718787","1","DIAC","\N","1","normal"
"17","1","2","1","2014-03-17 05:11:42.718787","2014-03-17 05:11:42.718787","1","DRI","\N","1","normal"
"18","1","2","1","2014-03-17 05:11:42.718787","2014-03-17 05:11:42.718787","1","MIX","\N","1","normal"
"19","1","2","1","2014-03-17 05:11:42.718787","2014-03-17 05:11:42.718787","1","EXT","\N","1","normal"
"20","1","2","1","2014-03-17 05:11:42.718787","2014-03-17 05:11:42.718787","1","PERI","\N","1","normal"
"21","1","2","1","2014-03-17 05:11:42.718787","2014-03-17 05:11:42.718787","1","PAD","\N","1","normal"
"22","1","2","1","2014-03-17 05:11:42.718787","2014-03-17 05:11:42.718787","1","CONE","\N","1","normal"
"23","1","2","1","2014-03-17 05:11:42.718787","2014-03-17 05:11:42.718787","1","BON","\N","1","normal"
"24","1","2","1","2014-03-17 05:11:42.718787","2014-03-17 05:11:42.718787","1","CONG","\N","1","normal"
"25","1","2","1","2014-03-17 05:11:42.718787","2014-03-17 05:11:42.718787","1","BOB","\N","1","normal"
"26","1","2","1","2014-03-17 05:11:42.718787","2014-03-17 05:11:42.718787","1","BOC","\N","1","normal"
"27","1","2","1","2014-03-17 05:11:42.718787","2014-03-17 05:11:42.718787","1","PAN","\N","1","normal"
"28","1","2","1","2014-03-17 05:11:42.718787","2014-03-17 05:11:42.718787","1","SIL","\N","1","normal"
"29","1","2","1","2014-03-17 05:11:42.718787","2014-03-17 05:11:42.718787","1","RAD","\N","1","normal"
"30","1","2","1","2014-03-17 05:11:42.718787","2014-03-17 05:11:42.718787","1","ROD","\N","1","normal"
"31","1","2","1","2014-03-17 05:11:42.718787","2014-03-17 05:11:42.718787","1","TAP","\N","1","normal"
"32","1","2","1","2014-03-17 05:11:42.718787","2014-03-17 05:11:42.718787","1","TAR","\N","1","normal"
"33","1","2","1","2014-03-17 05:11:42.718787","2014-03-17 05:11:42.718787","1","SAL","\N","1","normal"
"34","1","2","1","2014-03-17 05:11:42.718787","2014-03-17 05:11:42.718787","1","JOY","\N","1","normal"
"35","1","2","1","2014-03-17 05:11:42.718787","2014-03-17 05:11:42.718787","1","PRO","\N","1","normal"
"36","1","2","1","2014-03-17 05:11:42.718787","2014-03-17 05:11:42.718787","1","ESPO","\N","1","normal"
"37","1","2","1","2014-03-17 05:11:42.718787","2014-03-17 05:11:42.718787","1","PERN","\N","1","normal"
"38","1","2","1","2014-03-17 05:11:42.718787","2014-03-17 05:11:42.718787","1","LICU","\N","1","normal"
"39","1","2","1","2014-03-17 05:11:42.718787","2014-03-17 05:11:42.718787","1","DISI","\N","1","normal"
"40","1","2","1","2014-03-17 05:11:42.718787","2014-03-17 05:11:42.718787","1","SPL","\N","1","normal"
"41","1","2","1","2014-03-17 05:11:42.718787","2014-03-17 05:11:42.718787","1","MAR","\N","1","normal"
"42","1","2","1","2014-03-17 05:11:42.718787","2014-03-17 05:11:42.718787","1","RES","\N","1","normal"
"43","1","2","1","2014-03-17 05:11:42.718787","2014-03-17 05:11:42.718787","1","TAL","\N","1","normal"
"44","1","2","1","2014-03-17 05:11:42.718787","2014-03-17 05:11:42.718787","1","PIS","\N","1","normal"
"45","1","2","1","2014-03-17 05:11:42.718787","2014-03-17 05:11:42.718787","1","BOR","\N","1","normal"
"46","1","2","1","2014-03-17 05:11:42.718787","2014-03-17 05:11:42.718787","1","INTR","\N","1","normal"
"47","1","2","1","2014-03-17 05:11:42.718787","2014-03-17 05:11:42.718787","1","REQ","\N","1","normal"
"48","1","2","1","2014-03-17 05:11:42.718787","2014-03-17 05:11:42.718787","1","GR","\N","1","normal"
"49","1","2","1","2014-03-17 05:11:42.718787","2014-03-17 05:11:42.718787","1","LAM","\N","1","normal"
"50","1","2","1","2014-03-17 05:11:42.718787","2014-03-17 05:11:42.718787","1","NAVI","\N","1","normal"
"51","1","2","1","2014-03-17 05:11:42.718787","2014-03-17 05:11:42.718787","1","RACK","\N","1","normal"
"52","1","2","1","2014-03-17 05:11:42.718787","2014-03-17 05:11:42.718787","1","DVD-","\N","1","normal"
"53","1","2","1","2014-03-17 05:11:42.718787","2014-03-17 05:11:42.718787","1","EQU","\N","1","normal"
"54","1","2","1","2014-03-17 05:11:42.718787","2014-03-17 05:11:42.718787","1","TRT","\N","1","normal"
"55","1","2","1","2014-03-17 05:11:42.718787","2014-03-17 05:11:42.718787","1","ACC","\N","1","normal"
"56","1","2","1","2014-03-17 05:11:42.718787","2014-03-17 05:11:42.718787","1","BASE","\N","1","normal"
"57","1","2","1","2014-03-17 05:11:42.718787","2014-03-17 05:11:42.718787","1","PAS","\N","1","normal"
"58","1","2","1","2014-03-17 05:11:42.718787","2014-03-17 05:11:42.718787","1","RET","\N","1","normal"
"59","1","2","1","2014-03-17 05:11:42.718787","2014-03-17 05:11:42.718787","1","SENS","\N","1","normal"
"60","1","2","1","2014-03-17 05:11:42.718787","2014-03-17 05:11:42.718787","1","VAR","\N","1","normal"
"61","1","2","1","2014-03-17 05:11:42.718787","2014-03-17 05:11:42.718787","1","DDSA","\N","1","normal"
"62","1","2","1","2014-03-17 05:11:42.718787","2014-03-17 05:11:42.718787","1","HAR","\N","1","normal"
"63","1","2","1","2014-03-17 05:11:42.718787","2014-03-17 05:11:42.718787","1","RCOM","\N","1","normal"
"64","1","2","1","2014-03-17 05:11:42.718787","2014-03-17 05:11:42.718787","1","FIL","\N","1","normal"
"65","1","2","1","2014-03-17 05:11:42.718787","2014-03-17 05:11:42.718787","1","KITP","\N","1","normal"
"66","1","2","1","2014-03-17 05:11:42.718787","2014-03-17 05:11:42.718787","1","VIA","\N","1","normal"
"67","1","2","1","2014-03-17 05:11:42.718787","2014-03-17 05:11:42.718787","1","CUER","\N","1","normal"
"68","1","2","1","2014-03-17 05:11:42.718787","2014-03-17 05:11:42.718787","1","LENL","\N","1","normal"
"69","1","2","1","2014-03-17 05:11:42.718787","2014-03-17 05:11:42.718787","1","ESTU","\N","1","normal"
"70","1","2","1","2014-03-17 05:11:42.718787","2014-03-17 05:11:42.718787","1","SENC","\N","1","normal"
"71","1","2","1","2014-03-17 05:11:42.718787","2014-03-17 05:11:42.718787","1","FFU","\N","1","normal"
"72","1","2","1","2014-03-17 05:11:42.718787","2014-03-17 05:11:42.718787","1","SNA","\N","1","normal"
"73","1","2","1","2014-03-17 05:11:42.718787","2014-03-17 05:11:42.718787","1","TIN","\N","1","normal"
"74","1","2","1","2014-03-17 05:11:42.718787","2014-03-17 05:11:42.718787","1","BASS","\N","1","normal"
"75","1","2","1","2014-03-17 05:11:42.718787","2014-03-17 05:11:42.718787","1","KIT","\N","1","normal"
"76","1","2","1","2014-03-17 05:11:42.718787","2014-03-17 05:11:42.718787","1","CING","\N","1","normal"
"77","1","2","1","2014-03-17 05:11:42.718787","2014-03-17 05:11:42.718787","1","BOL","\N","1","normal"
"78","1","2","1","2014-03-17 05:11:42.718787","2014-03-17 05:11:42.718787","1","CINT","\N","1","normal"
"79","1","2","1","2014-03-17 05:11:42.718787","2014-03-17 05:11:42.718787","1","ZAR","\N","1","normal"
"80","1","2","1","2014-03-17 05:11:42.718787","2014-03-17 05:11:42.718787","1","MAL","\N","1","normal"
"81","1","2","1","2014-03-17 05:11:42.718787","2014-03-17 05:11:42.718787","1","SAP","\N","1","normal"
"82","1","2","1","2014-03-17 05:11:42.718787","2014-03-17 05:11:42.718787","1","ACAR","\N","1","normal"
"83","1","2","1","2014-03-17 05:11:42.718787","2014-03-17 05:11:42.718787","1","FLY","\N","1","normal"
"84","1","2","1","2014-03-17 05:11:42.718787","2014-03-17 05:11:42.718787","1","CAÃ‘","\N","1","normal"
"85","1","2","1","2014-03-17 05:11:42.718787","2014-03-17 05:11:42.718787","1","FUS","\N","1","normal"
"86","1","2","1","2014-03-17 05:11:42.718787","2014-03-17 05:11:42.718787","1","GUE","\N","1","normal"
"87","1","2","1","2014-03-17 05:11:42.718787","2014-03-17 05:11:42.718787","1","MDDR","\N","1","normal"
"88","1","2","1","2014-03-17 05:11:42.718787","2014-03-17 05:11:42.718787","1","GUI","\N","1","normal"
"89","1","2","1","2014-03-17 05:11:42.718787","2014-03-17 05:11:42.718787","1","DES","\N","1","normal"
"90","1","2","1","2014-03-17 05:11:42.718787","2014-03-17 05:11:42.718787","1","CIAI","\N","1","normal"
"91","1","2","1","2014-03-17 05:11:42.718787","2014-03-17 05:11:42.718787","1","PORF","\N","1","normal"
"92","1","2","1","2014-03-17 05:11:42.718787","2014-03-17 05:11:42.718787","1","PED","\N","1","normal"
"93","1","2","1","2014-03-17 05:11:42.718787","2014-03-17 05:11:42.718787","1","BATU","\N","1","normal"
"94","1","2","1","2014-03-17 05:11:42.718787","2014-03-17 05:11:42.718787","1","FUE","\N","1","normal"
"95","1","2","1","2014-03-17 05:11:42.718787","2014-03-17 05:11:42.718787","1","EMP","\N","1","normal"
"96","1","2","1","2014-03-17 05:11:42.718787","2014-03-17 05:11:42.718787","1","REP","\N","1","normal"
"97","1","2","1","2014-03-17 05:11:42.718787","2014-03-17 05:11:42.718787","1","FLA","\N","1","normal"
"98","1","2","1","2014-03-17 05:11:42.718787","2014-03-17 05:11:42.718787","1","SUP","\N","1","normal"
"99","1","2","1","2014-03-17 05:11:42.718787","2014-03-17 05:11:42.718787","1","CRI","\N","1","normal"
"100","1","2","1","2014-03-17 05:11:42.718787","2014-03-17 05:11:42.718787","1","PORT","\N","1","normal"
"101","1","2","1","2014-03-17 05:11:42.718787","2014-03-17 05:11:42.718787","1","VASO","\N","1","normal"
"102","1","2","1","2014-03-17 05:11:42.718787","2014-03-17 05:11:42.718787","1","DDEX","\N","1","normal"
"103","1","2","1","2014-03-17 05:11:42.718787","2014-03-17 05:11:42.718787","1","TROM","\N","1","normal"
"104","1","2","1","2014-03-17 05:11:42.718787","2014-03-17 05:11:42.718787","1","HUB","\N","1","normal"
"105","1","2","1","2014-03-17 05:11:42.718787","2014-03-17 05:11:42.718787","1","MEG","\N","1","normal"
"106","1","2","1","2014-03-17 05:11:42.718787","2014-03-17 05:11:42.718787","1","CEN","\N","1","normal"
"107","1","2","1","2014-03-17 05:11:42.718787","2014-03-17 05:11:42.718787","1","JUN","\N","1","normal"
"108","1","2","1","2014-03-17 05:11:42.718787","2014-03-17 05:11:42.718787","1","CAI","\N","1","normal"
"109","1","2","1","2014-03-17 05:11:42.718787","2014-03-17 05:11:42.718787","1","ETIQ","\N","1","normal"
"110","1","2","1","2014-03-17 05:11:42.718787","2014-03-17 05:11:42.718787","1","PC","\N","1","normal"
"111","1","2","1","2014-03-17 05:11:42.718787","2014-03-17 05:11:42.718787","1","SEJ","\N","1","normal"
"112","1","2","1","2014-03-17 05:11:42.718787","2014-03-17 05:11:42.718787","1","CAJA","\N","1","normal"
"113","1","2","1","2014-03-17 05:11:42.718787","2014-03-17 05:11:42.718787","1","JU","\N","1","normal"
"114","1","2","1","2014-03-17 05:11:42.718787","2014-03-17 05:11:42.718787","1","ATR","\N","1","normal"
"115","1","2","1","2014-03-17 05:11:42.718787","2014-03-17 05:11:42.718787","1","PE","\N","1","normal"
"116","1","2","1","2014-03-17 05:11:42.718787","2014-03-17 05:11:42.718787","1","GUIR","\N","1","normal"
"117","1","2","1","2014-03-17 05:11:42.718787","2014-03-17 05:11:42.718787","1","LLA","\N","1","normal"
"118","1","2","1","2014-03-17 05:11:42.718787","2014-03-17 05:11:42.718787","1","CON","\N","1","normal"
"119","1","2","1","2014-03-17 05:11:42.718787","2014-03-17 05:11:42.718787","1","ROU","\N","1","normal"
"120","1","2","1","2014-03-17 05:11:42.718787","2014-03-17 05:11:42.718787","1","PL","\N","1","normal"
"121","1","2","1","2014-03-17 05:11:42.718787","2014-03-17 05:11:42.718787","1","SCR","\N","1","normal"
"122","1","2","1","2014-03-17 05:11:42.718787","2014-03-17 05:11:42.718787","1","FOT","\N","1","normal"
"123","1","2","1","2014-03-17 05:11:42.718787","2014-03-17 05:11:42.718787","1","SECA","\N","1","normal"
"124","1","2","1","2014-03-17 05:11:42.718787","2014-03-17 05:11:42.718787","1","PLAC","\N","1","normal"
"125","1","2","1","2014-03-17 05:11:42.718787","2014-03-17 05:11:42.718787","1","AFI","\N","1","normal"
"126","1","2","1","2014-03-17 05:11:42.718787","2014-03-17 05:11:42.718787","1","ENG","\N","1","normal"
"127","1","2","1","2014-03-17 05:11:42.718787","2014-03-17 05:11:42.718787","1","TRA","\N","1","normal"
"128","1","2","1","2014-03-17 05:11:42.718787","2014-03-17 05:11:42.718787","1","M","\N","1","normal"
"129","1","2","1","2014-03-17 05:11:42.718787","2014-03-17 05:11:42.718787","1","LIMP","\N","1","normal"
"130","1","2","1","2014-03-17 05:11:42.718787","2014-03-17 05:11:42.718787","1","LIQ","\N","1","normal"
"131","1","2","1","2014-03-17 05:11:42.718787","2014-03-17 05:11:42.718787","1","CARC","\N","1","normal"
"132","1","2","1","2014-03-17 05:11:42.718787","2014-03-17 05:11:42.718787","1","RAQU","\N","1","normal"
"133","1","2","1","2014-03-17 05:11:42.718787","2014-03-17 05:11:42.718787","1","ALA","\N","1","normal"
"134","1","2","1","2014-03-17 05:11:42.718787","2014-03-17 05:11:42.718787","1","JACK","\N","1","normal"
"135","1","2","1","2014-03-17 05:11:42.718787","2014-03-17 05:11:42.718787","1","GRA","\N","1","normal"
"136","1","2","1","2014-03-17 05:11:42.718787","2014-03-17 05:11:42.718787","1","PLAT","\N","1","normal"
"137","1","2","1","2014-03-17 05:11:42.718787","2014-03-17 05:11:42.718787","1","REDO","\N","1","normal"
"138","1","2","1","2014-03-17 05:11:42.718787","2014-03-17 05:11:42.718787","1","EP","\N","1","normal"
"139","1","2","1","2014-03-17 05:11:42.718787","2014-03-17 05:11:42.718787","1","DIOZ","\N","1","normal"
"140","1","2","1","2014-03-17 05:11:42.718787","2014-03-17 05:11:42.718787","1","CAÑU","\N","1","normal"
"141","1","2","1","2014-03-17 05:11:42.718787","2014-03-17 05:11:42.718787","1","PIN","\N","1","normal"
"142","1","2","1","2014-03-17 05:11:42.718787","2014-03-17 05:11:42.718787","1","AMPL","\N","1","normal"
"143","1","2","1","2014-03-17 05:11:42.718787","2014-03-17 05:11:42.718787","1","LAP","\N","1","normal"
"144","1","2","1","2014-03-17 05:11:42.718787","2014-03-17 05:11:42.718787","1","TENA","\N","1","normal"
"145","1","2","1","2014-03-17 05:11:42.718787","2014-03-17 05:11:42.718787","1","PROT","\N","1","normal"
"146","1","2","1","2014-03-17 05:11:42.718787","2014-03-17 05:11:42.718787","1","BOM","\N","1","normal"
"147","1","2","1","2014-03-17 05:11:42.718787","2014-03-17 05:11:42.718787","1","MOU","\N","1","normal"
"148","1","2","1","2014-03-17 05:11:42.718787","2014-03-17 05:11:42.718787","1","MOT","\N","1","normal"
"149","1","2","1","2014-03-17 05:11:42.718787","2014-03-17 05:11:42.718787","1","ANT","\N","1","normal"
"150","1","2","1","2014-03-17 05:11:42.718787","2014-03-17 05:11:42.718787","1","base","\N","1","normal"
"151","1","2","1","2014-03-17 05:11:42.718787","2014-03-17 05:11:42.718787","1","TABL","\N","1","normal"
"152","1","2","1","2014-03-17 05:11:42.718787","2014-03-17 05:11:42.718787","1","MON","\N","1","normal"
"153","1","2","1","2014-03-17 05:11:42.718787","2014-03-17 05:11:42.718787","1","TENR","\N","1","normal"
"154","1","2","1","2014-03-17 05:11:42.718787","2014-03-17 05:11:42.718787","1","SEN","\N","1","normal"
"155","1","2","1","2014-03-17 05:11:42.718787","2014-03-17 05:11:42.718787","1","CD-","\N","1","normal"
"156","1","2","1","2014-03-17 05:11:42.718787","2014-03-17 05:11:42.718787","1","SPR","\N","1","normal"
"157","1","2","1","2014-03-17 05:11:42.718787","2014-03-17 05:11:42.718787","1","IVA13","\N","1","normal"
"158","1","2","1","2014-03-17 05:11:42.718787","2014-03-17 05:11:42.718787","1","LUP","\N","1","normal"
"159","1","2","1","2014-03-17 05:11:42.718787","2014-03-17 05:11:42.718787","1","COP","\N","1","normal"
"160","1","2","1","2014-03-17 05:11:42.718787","2014-03-17 05:11:42.718787","1","TEC","\N","1","normal"
"161","1","2","1","2014-03-17 05:11:42.718787","2014-03-17 05:11:42.718787","1","SUB","\N","1","normal"
"162","1","2","1","2014-03-17 05:11:42.718787","2014-03-17 05:11:42.718787","1","ACE","\N","1","normal"
"163","1","2","1","2014-03-17 05:11:42.718787","2014-03-17 05:11:42.718787","1","DVD","\N","1","normal"
"164","1","2","1","2014-03-17 05:11:42.718787","2014-03-17 05:11:42.718787","1","LUZ","\N","1","normal"
"165","1","2","1","2014-03-17 05:11:42.718787","2014-03-17 05:11:42.718787","1","FOC","\N","1","normal"
"166","1","2","1","2014-03-17 05:11:42.718787","2014-03-17 05:11:42.718787","1","CROS","\N","1","normal"
"167","1","2","1","2014-03-17 05:11:42.718787","2014-03-17 05:11:42.718787","1","PER","\N","1","normal"
"168","1","2","1","2014-03-17 05:11:42.718787","2014-03-17 05:11:42.718787","1","MUE","\N","1","normal"
"169","1","2","1","2014-03-17 05:11:42.718787","2014-03-17 05:11:42.718787","1","CHAS","\N","1","normal"
"170","1","2","1","2014-03-17 05:11:42.718787","2014-03-17 05:11:42.718787","1","SUS","\N","1","normal"
"171","1","2","1","2014-03-17 05:11:42.718787","2014-03-17 05:11:42.718787","1","PEI","\N","1","normal"
"172","1","2","1","2014-03-17 05:11:42.718787","2014-03-17 05:11:42.718787","1","REL","\N","1","normal"
"173","1","2","1","2014-03-17 05:11:42.718787","2014-03-17 05:11:42.718787","1","REM","\N","1","normal"
"174","1","2","1","2014-03-17 05:11:42.718787","2014-03-17 05:11:42.718787","1","YACK","\N","1","normal"
"175","1","2","1","2014-03-17 05:11:42.718787","2014-03-17 05:11:42.718787","1","LUZD","\N","1","normal"
"176","1","2","1","2014-03-17 05:11:42.718787","2014-03-17 05:11:42.718787","1","SILL","\N","1","normal"
"177","1","2","1","2014-03-17 05:11:42.718787","2014-03-17 05:11:42.718787","1","REG","\N","1","normal"
"178","1","2","1","2014-03-17 05:11:42.718787","2014-03-17 05:11:42.718787","1","RED","\N","1","normal"
"179","1","2","1","2014-03-17 05:11:42.718787","2014-03-17 05:11:42.718787","1","AUDI","\N","1","normal"
"180","1","2","1","2014-03-17 05:11:42.718787","2014-03-17 05:11:42.718787","1","CASE","\N","1","normal"
"181","1","2","1","2014-03-17 05:11:42.718787","2014-03-17 05:11:42.718787","1","SALI","\N","1","normal"
"182","1","2","1","2014-03-17 05:11:42.718787","2014-03-17 05:11:42.718787","1","TEL","\N","1","normal"
"183","1","2","1","2014-03-17 05:11:42.718787","2014-03-17 05:11:42.718787","1","ACOR","\N","1","normal"
"184","1","2","1","2014-03-17 05:11:42.718787","2014-03-17 05:11:42.718787","1","TES","\N","1","normal"
"185","1","2","1","2014-03-17 05:11:42.718787","2014-03-17 05:11:42.718787","1","BAQ","\N","1","normal"
"186","1","2","1","2014-03-17 05:11:42.718787","2014-03-17 05:11:42.718787","1","DETE","\N","1","normal"
"187","1","2","1","2014-03-17 05:11:42.718787","2014-03-17 05:11:42.718787","1","GUIT","\N","1","normal"
"188","1","2","1","2014-03-17 05:11:42.718787","2014-03-17 05:11:42.718787","1","UPS","\N","1","normal"
"189","1","2","1","2014-03-17 05:11:42.718787","2014-03-17 05:11:42.718787","1","TECM","\N","1","normal"
"190","1","2","1","2014-03-17 05:11:42.718787","2014-03-17 05:11:42.718787","1","MICP","\N","1","normal"
"191","1","2","1","2014-03-17 05:11:42.718787","2014-03-17 05:11:42.718787","1","ANTI","\N","1","normal"
"192","1","2","1","2014-03-17 05:11:42.718787","2014-03-17 05:11:42.718787","1","CASS","\N","1","normal"
"193","1","2","1","2014-03-17 05:11:42.718787","2014-03-17 05:11:42.718787","1","UÃ‘E","\N","1","normal"
"194","1","2","1","2014-03-17 05:11:42.718787","2014-03-17 05:11:42.718787","1","VOL","\N","1","normal"
"195","1","2","1","2014-03-17 05:11:42.718787","2014-03-17 05:11:42.718787","1","MECR","\N","1","normal"
"196","1","2","1","2014-03-17 05:11:42.718787","2014-03-17 05:11:42.718787","1","TER","\N","1","normal"
"197","1","2","1","2014-03-17 05:11:42.718787","2014-03-17 05:11:42.718787","1","SEL","\N","1","normal"
"198","1","2","1","2014-03-17 05:11:42.718787","2014-03-17 05:11:42.718787","1","TIMB","\N","1","normal"
"199","1","2","1","2014-03-17 05:11:42.718787","2014-03-17 05:11:42.718787","1","COCI","\N","1","normal"
"200","1","2","1","2014-03-17 05:11:42.718787","2014-03-17 05:11:42.718787","1","POWE","\N","1","normal"
"201","1","2","1","2014-03-17 05:11:42.718787","2014-03-17 05:11:42.718787","1","REGU","\N","1","normal"
"202","1","2","1","2014-03-17 05:11:42.718787","2014-03-17 05:11:42.718787","1","CAL","\N","1","normal"
"203","1","2","1","2014-03-17 05:11:42.718787","2014-03-17 05:11:42.718787","1","AUD","\N","1","normal"
"204","1","2","1","2014-03-17 05:11:42.718787","2014-03-17 05:11:42.718787","1","HER","\N","1","normal"
"205","1","2","1","2014-03-17 05:11:42.718787","2014-03-17 05:11:42.718787","1","COMP","\N","1","normal"
"206","1","2","1","2014-03-17 05:11:42.718787","2014-03-17 05:11:42.718787","1","MEMO","\N","1","normal"
"207","1","2","1","2014-03-17 05:11:42.718787","2014-03-17 05:11:42.718787","1","CLA","\N","1","normal"
"208","1","2","1","2014-03-17 05:11:42.718787","2014-03-17 05:11:42.718787","1","CART","\N","1","normal"
"209","1","2","1","2014-03-17 05:11:42.718787","2014-03-17 05:11:42.718787","1","CD","\N","1","normal"
"210","1","2","1","2014-03-17 05:11:42.718787","2014-03-17 05:11:42.718787","1","CORT","\N","1","normal"
"211","1","2","1","2014-03-17 05:11:42.718787","2014-03-17 05:11:42.718787","1","IMP","\N","1","normal"
"212","1","2","1","2014-03-17 05:11:42.718787","2014-03-17 05:11:42.718787","1","CUE","\N","1","normal"
"213","1","2","1","2014-03-17 05:11:42.718787","2014-03-17 05:11:42.718787","1","CUC","\N","1","normal"
"214","1","2","1","2014-03-17 05:11:42.718787","2014-03-17 05:11:42.718787","1","AIS","\N","1","normal"
"215","1","2","1","2014-03-17 05:11:42.718787","2014-03-17 05:11:42.718787","1","ECUA","\N","1","normal"
"216","1","2","1","2014-03-17 05:11:42.718787","2014-03-17 05:11:42.718787","1","ADA","\N","1","normal"
"217","1","2","1","2014-03-17 05:11:42.718787","2014-03-17 05:11:42.718787","1","VEN","\N","1","normal"
"218","1","2","1","2014-03-17 05:11:42.718787","2014-03-17 05:11:42.718787","1","UNI","\N","1","normal"
"219","1","2","1","2014-03-17 05:11:42.718787","2014-03-17 05:11:42.718787","1","COR","\N","1","normal"
"220","1","2","1","2014-03-17 05:11:42.718787","2014-03-17 05:11:42.718787","1","COMB","\N","1","normal"
"221","1","2","1","2014-03-17 05:11:42.718787","2014-03-17 05:11:42.718787","1","CARG","\N","1","normal"
"222","1","2","1","2014-03-17 05:11:42.718787","2014-03-17 05:11:42.718787","1","BROC","\N","1","normal"
"223","1","2","1","2014-03-17 05:11:42.718787","2014-03-17 05:11:42.718787","1","PUL","\N","1","normal"
"224","1","2","1","2014-03-17 05:11:42.718787","2014-03-17 05:11:42.718787","1","MED","\N","1","normal"
"225","1","2","1","2014-03-17 05:11:42.718787","2014-03-17 05:11:42.718787","1","PUN","\N","1","normal"
"226","1","2","1","2014-03-17 05:11:42.718787","2014-03-17 05:11:42.718787","1","LEC","\N","1","normal"
"227","1","2","1","2014-03-17 05:11:42.718787","2014-03-17 05:11:42.718787","1","LED","\N","1","normal"
"228","1","2","1","2014-03-17 05:11:42.718787","2014-03-17 05:11:42.718787","1","MEC","\N","1","normal"
"229","1","2","1","2014-03-17 05:11:42.718787","2014-03-17 05:11:42.718787","1","CAJ","\N","1","normal"
"230","1","2","1","2014-03-17 05:11:42.718787","2014-03-17 05:11:42.718787","1","MEM","\N","1","normal"
"231","1","2","1","2014-03-17 05:11:42.718787","2014-03-17 05:11:42.718787","1","DVD+","\N","1","normal"
"232","1","2","1","2014-03-17 05:11:42.718787","2014-03-17 05:11:42.718787","1","MARI","\N","1","normal"
"233","1","2","1","2014-03-17 05:11:42.718787","2014-03-17 05:11:42.718787","1","LEN","\N","1","normal"
"234","1","2","1","2014-03-17 05:11:42.718787","2014-03-17 05:11:42.718787","1","ST","\N","1","normal"
"235","1","2","1","2014-03-17 05:11:42.718787","2014-03-17 05:11:42.718787","1","EQUA","\N","1","normal"
"236","1","2","1","2014-03-17 05:11:42.718787","2014-03-17 05:11:42.718787","1","GUIL","\N","1","normal"
"237","1","2","1","2014-03-17 05:11:42.718787","2014-03-17 05:11:42.718787","1","PLA","\N","1","normal"
"238","1","2","1","2014-03-17 05:11:42.718787","2014-03-17 05:11:42.718787","1","ACPC","\N","1","normal"
"239","1","2","1","2014-03-17 05:11:42.718787","2014-03-17 05:11:42.718787","1","BRE","\N","1","normal"
"240","1","2","1","2014-03-17 05:11:42.718787","2014-03-17 05:11:42.718787","1","INV","\N","1","normal"
"241","1","2","1","2014-03-17 05:11:42.718787","2014-03-17 05:11:42.718787","1","CAN","\N","1","normal"
"242","1","2","1","2014-03-17 05:11:42.718787","2014-03-17 05:11:42.718787","1","SWI","\N","1","normal"
"243","1","2","1","2014-03-17 05:11:42.718787","2014-03-17 05:11:42.718787","1","BAT","\N","1","normal"
"244","1","2","1","2014-03-17 05:11:42.718787","2014-03-17 05:11:42.718787","1","DIO","\N","1","normal"
"245","1","2","1","2014-03-17 05:11:42.718787","2014-03-17 05:11:42.718787","1","BAS","\N","1","normal"
"246","1","2","1","2014-03-17 05:11:42.718787","2014-03-17 05:11:42.718787","1","TWE","\N","1","normal"
"247","1","2","1","2014-03-17 05:11:42.718787","2014-03-17 05:11:42.718787","1","MOTH","\N","1","normal"
"248","1","2","1","2014-03-17 05:11:42.718787","2014-03-17 05:11:42.718787","1","CAP","\N","1","normal"
"249","1","2","1","2014-03-17 05:11:42.718787","2014-03-17 05:11:42.718787","1","CIN","\N","1","normal"
"250","1","2","1","2014-03-17 05:11:42.718787","2014-03-17 05:11:42.718787","1","CAU","\N","1","normal"
"251","1","2","1","2014-03-17 05:11:42.718787","2014-03-17 05:11:42.718787","1","BAF","\N","1","normal"
"252","1","2","1","2014-03-17 05:11:42.718787","2014-03-17 05:11:42.718787","1","FUN","\N","1","normal"
"253","1","2","1","2014-03-17 05:11:42.718787","2014-03-17 05:11:42.718787","1","EX","\N","1","normal"
"254","1","2","1","2014-03-17 05:11:42.718787","2014-03-17 05:11:42.718787","1","DISC","\N","1","normal"
"255","1","2","1","2014-03-17 05:11:42.718787","2014-03-17 05:11:42.718787","1","TON","\N","1","normal"
"256","1","2","1","2014-03-17 05:11:42.718787","2014-03-17 05:11:42.718787","1","BREA","\N","1","normal"
"257","1","2","1","2014-03-17 05:11:42.718787","2014-03-17 05:11:42.718787","1","CAM","\N","1","normal"
"258","1","2","1","2014-03-17 05:11:42.718787","2014-03-17 05:11:42.718787","1","TOM","\N","1","normal"
"259","1","2","1","2014-03-17 05:11:42.718787","2014-03-17 05:11:42.718787","1","ESTG","\N","1","normal"
"260","1","2","1","2014-03-17 05:11:42.718787","2014-03-17 05:11:42.718787","1","CAB","\N","1","normal"
"261","1","2","1","2014-03-17 05:11:42.718787","2014-03-17 05:11:42.718787","1","DISK","\N","1","normal"
"262","1","2","1","2014-03-17 05:11:42.718787","2014-03-17 05:11:42.718787","1","BAJ","\N","1","normal"
"263","1","2","1","2014-03-17 05:11:42.718787","2014-03-17 05:11:42.718787","1","GUIA","\N","1","normal"
"264","1","2","1","2014-03-17 05:11:42.718787","2014-03-17 05:11:42.718787","1","cono","\N","1","normal"
"265","1","2","1","2014-03-17 05:11:42.718787","2014-03-17 05:11:42.718787","1","Flex","\N","1","normal"
"266","1","2","1","2014-03-17 05:11:42.718787","2014-03-17 05:11:42.718787","1","TERM","\N","1","normal"
"267","1","2","1","2014-03-17 05:11:42.718787","2014-03-17 05:11:42.718787","1","NULL","\N","1","normal"
"268","1","2","1","2014-03-17 05:11:42.718787","2014-03-17 05:11:42.718787","1","hub","\N","1","normal"
"269","1","2","1","2014-03-17 05:11:42.718787","2014-03-17 05:11:42.718787","1","SOF","\N","1","normal"
"270","1","2","1","2014-03-17 05:11:42.718787","2014-03-17 05:11:42.718787","1","POW","\N","1","normal"
"271","1","2","1","2014-03-17 05:11:42.718787","2014-03-17 05:11:42.718787","1","POT","\N","1","normal"
"272","1","2","1","2014-03-17 05:11:42.718787","2014-03-17 05:11:42.718787","1","TR","\N","1","normal"
"273","1","2","1","2014-03-17 05:11:42.718787","2014-03-17 05:11:42.718787","1","CRO","\N","1","normal"
"274","1","2","1","2014-03-17 05:11:42.718787","2014-03-17 05:11:42.718787","1","FAJ","\N","1","normal"
"275","1","2","1","2014-03-17 05:11:42.718787","2014-03-17 05:11:42.718787","1","SOP","\N","1","normal"
"276","1","2","1","2014-03-17 05:11:42.718787","2014-03-17 05:11:42.718787","1","POL","\N","1","normal"
"277","1","2","1","2014-03-17 05:11:42.718787","2014-03-17 05:11:42.718787","1","SOR","\N","1","normal"
"278","1","2","1","2014-03-17 05:11:42.718787","2014-03-17 05:11:42.718787","1","TI","\N","1","normal"
"279","1","2","1","2014-03-17 05:11:42.718787","2014-03-17 05:11:42.718787","1","TE","\N","1","normal"
"280","1","2","1","2014-03-17 05:11:42.718787","2014-03-17 05:11:42.718787","1","CA","\N","1","normal"
"281","1","2","1","2014-03-17 05:11:42.718787","2014-03-17 05:11:42.718787","1","PORB","\N","1","normal"
"282","1","2","1","2014-03-17 05:11:42.718787","2014-03-17 05:11:42.718787","1","EST","\N","1","normal"
"283","1","2","1","2014-03-17 05:11:42.718787","2014-03-17 05:11:42.718787","1","BANQ","\N","1","normal"
"284","1","2","1","2014-03-17 05:11:42.718787","2014-03-17 05:11:42.718787","1","STA","\N","1","normal"
"285","1","2","1","2014-03-17 05:11:42.718787","2014-03-17 05:11:42.718787","1","ESQ","\N","1","normal"
"286","1","2","1","2014-03-17 05:11:42.718787","2014-03-17 05:11:42.718787","1","ESP","\N","1","normal"
"287","1","2","1","2014-03-17 05:11:42.718787","2014-03-17 05:11:42.718787","1","DEST","\N","1","normal"
"288","1","2","1","2014-03-17 05:11:42.718787","2014-03-17 05:11:42.718787","1","DVDP","\N","1","normal"
"289","1","2","1","2014-03-17 05:11:42.718787","2014-03-17 05:11:42.718787","1","AM","\N","1","normal"
"290","1","2","1","2014-03-17 05:11:42.718787","2014-03-17 05:11:42.718787","1","SOC","\N","1","normal"
"291","1","2","1","2014-03-17 05:11:42.718787","2014-03-17 05:11:42.718787","1","STK","\N","1","normal"
"292","1","2","1","2014-03-17 05:11:42.718787","2014-03-17 05:11:42.718787","1","Q","\N","1","normal"
"293","1","2","1","2014-03-17 05:11:42.718787","2014-03-17 05:11:42.718787","1","AR","\N","1","normal"
"294","1","2","1","2014-03-17 05:11:42.718787","2014-03-17 05:11:42.718787","1","ESC","\N","1","normal"
"295","1","2","1","2014-03-17 05:11:42.718787","2014-03-17 05:11:42.718787","1","PANE","\N","1","normal"
"296","1","2","1","2014-03-17 05:11:42.718787","2014-03-17 05:11:42.718787","1","LENT","\N","1","normal"
"297","1","2","1","2014-03-17 05:11:42.718787","2014-03-17 05:11:42.718787","1","CONO","\N","1","normal"
"298","1","2","1","2014-03-17 05:11:42.718787","2014-03-17 05:11:42.718787","1","IC","\N","1","normal"
"299","1","2","1","2014-03-17 05:11:42.718787","2014-03-17 05:11:42.718787","1","ELE","\N","1","normal"
"300","1","2","1","2014-03-17 05:11:42.718787","2014-03-17 05:11:42.718787","1","DESA","\N","1","normal"
"301","1","2","1","2014-03-17 05:11:42.718787","2014-03-17 05:11:42.718787","1","STIK","\N","1","normal"
"302","1","2","1","2014-03-17 05:11:42.718787","2014-03-17 05:11:42.718787","1","TARJ","\N","1","normal"
"303","1","2","1","2014-03-17 05:11:42.718787","2014-03-17 05:11:42.718787","1","AMGU","\N","1","normal"
"304","1","2","1","2014-03-17 05:11:42.718787","2014-03-17 05:11:42.718787","1","CALC","\N","1","normal"
"305","1","2","1","2014-03-17 05:11:42.718787","2014-03-17 05:11:42.718787","1","CD-R","\N","1","normal"
"306","1","2","1","2014-03-17 05:11:42.718787","2014-03-17 05:11:42.718787","1","GUEA","\N","1","normal"
"307","1","2","1","2014-03-17 05:11:42.718787","2014-03-17 05:11:42.718787","1","IPER","\N","1","normal"
"308","1","2","1","2014-03-17 05:11:42.718787","2014-03-17 05:11:42.718787","1","PINZ","\N","1","normal"
"309","1","2","1","2014-03-17 05:11:42.718787","2014-03-17 05:11:42.718787","1","LAMP","\N","1","normal"
"310","1","2","1","2014-03-17 05:11:42.718787","2014-03-17 05:11:42.718787","1","ARC","\N","1","normal"
"311","1","2","1","2014-03-17 05:11:42.718787","2014-03-17 05:11:42.718787","1","TIM","\N","1","normal"
"312","1","2","1","2014-03-17 05:11:42.718787","2014-03-17 05:11:42.718787","1","VIO","\N","1","normal"
"313","1","2","1","2014-03-17 05:11:42.718787","2014-03-17 05:11:42.718787","1","CORP","\N","1","normal"
"314","1","2","1","2014-03-17 05:11:42.718787","2014-03-17 05:11:42.718787","1","MMP4","\N","1","normal"
"315","1","2","1","2014-03-17 05:11:42.718787","2014-03-17 05:11:42.718787","1","MOD","\N","1","normal"
"316","1","2","1","2014-03-17 05:11:42.718787","2014-03-17 05:11:42.718787","1","BLU","\N","1","normal"
"317","1","2","1","2014-03-17 05:11:42.718787","2014-03-17 05:11:42.718787","1","MMP3","\N","1","normal"
"318","1","2","1","2014-03-17 05:11:42.718787","2014-03-17 05:11:42.718787","1","PINT","\N","1","normal"
